pair,a,b,n_obs,alpha,beta,coint_pvalue,half_life,oos_pvalue,oos_half_life,gross_sharpe,net_sharpe,net_cum,n_trades,max_dd,bh_significant,profit_linkage,selected
CTG-MBB,CTG,MBB,1501,1.35542337029573,0.6851811254396251,0.20041568218328765,76.17247188139595,0.19408655578146328,57.081814896373,1.3881140405573513,1.3112053509212687,0.3742957044384094,4,-0.03714773437308394,False,,False
OIL-POW,OIL,POW,952,-0.8391069618137315,1.3956813140556041,0.2934004106371444,39.932794672466805,0.013225067865365748,32.46948638380397,1.0466236848686938,1.0091291287273048,0.8726415346930638,6,-0.2682600872231897,False,-0.3507079325899544,False
BSR-PVD,BSR,PVD,965,-0.1745927518042545,1.0947135604294007,0.5256610202163988,102.76973012679231,0.6243409699359952,332.18262071551743,1.01522703129146,0.9917269503447579,0.47123189704177326,2,-0.0871626871119866,False,-0.3088274665686719,False
MWG-TCB,MWG,TCB,901,1.7298411792023674,0.6973168487692543,0.3868529724407364,90.4107534672095,0.10598335159094058,77.157332057232,0.939699531032246,0.9007360559266581,0.7786871053324564,6,-0.28445104554738276,False,,False
SSI-VCB,SSI,VCB,1501,-0.007665160346025157,0.5953600200127588,0.9905173973594693,inf,0.20903267191100333,105.74487277555087,0.9142942324938769,0.8987175557066173,0.959216008642511,3,-0.22550465637009154,False,,False
ACB-BID,ACB,BID,1496,-1.100701432242012,1.041330383637716,0.8870432604269834,245.794636221249,0.1989382737078732,71.39189577203439,0.9047783487717648,0.8761964175863881,0.44695559497595894,3,-0.10445365481180158,False,,False
BSR-PVS,BSR,PVS,965,-0.9553797519882363,1.1559235508959023,0.2427195591568248,87.67793322274873,0.5801560277137755,237.67800202027883,0.8295904876665211,0.8131147148577421,0.5175270174146336,2,-0.165662363508007,False,0.061817833006139605,False
HCM-MBS,HCM,MBS,1446,1.1736901917233682,0.6393927551348942,0.007724624287766437,37.51053660285599,0.3295328549969326,110.19632011866467,0.8011595443572344,0.7462421573284792,0.5533840913926542,7,-0.27701087763728327,False,,False
BSR-GAS,BSR,GAS,965,-5.880866455367611,1.9509074427169355,0.3709892424508662,75.07360810511935,0.37609496309174284,124.87170345810637,0.7347983986107051,0.7144583227105837,0.9958937247179869,5,-0.4021488665406743,False,0.6142399324784518,False
SSI-TCB,SSI,TCB,901,-1.6640869022581786,1.4385261747054578,0.40255724197943354,52.55636178828099,0.7721260445683137,272.7820303268347,0.7252980144792444,0.6927933705933085,1.100472495590308,9,-0.5784809701374205,False,,False
SSI-VPB,SSI,VPB,1096,-0.011435266094635299,1.0244325553600124,0.4901082156170256,140.50331609771905,0.17228300234438054,94.40494973034093,0.6751907167023361,0.6570820678703566,0.39986656688736266,2,-0.2502291479885068,False,,False
PVD-PVT,PVD,PVT,1501,1.4838212547456242,0.2631507283758122,0.46889866611484204,135.65551519240523,0.22660852148743738,86.36567938198495,0.6704676331362016,0.647353844415767,0.8028532013338666,5,-0.5078137239688972,False,0.6536261817353668,False
PVB-PVD,PVB,PVD,1501,2.171072104842822,0.24293580429083428,0.1411159859349923,66.77713066531975,0.4610980585326777,149.24249120860938,0.6461772744161385,0.6258499698409369,0.8692914231761187,5,-0.4451383920974873,False,0.30237887914394646,False
HCM-MBB,HCM,MBB,1501,0.49314444467649543,0.9407220645505636,0.11570185729608184,54.28035387307823,0.023903402198835837,51.795092726861164,0.6302425984477532,0.5976687612160003,0.6321257496478057,6,-0.30922899464033815,False,,False
ASM-IDI,ASM,IDI,1501,1.4230463349895666,0.19508347086334146,0.936725819661137,616.318659640175,0.11853304084562027,106.41918716957827,0.5781754697954248,0.5667655695818111,0.5665102195300553,2,-0.41799478550207103,False,0.770527625060915,False
PVS-PVT,PVS,PVT,1501,0.9542895238304097,0.7486452865741835,0.018899448407963967,31.132976885580543,0.01084908055701089,36.92157261764329,0.5581956405082311,0.5246884973535152,0.6258782923590309,7,-0.40863378113774473,False,0.6745330894322416,False
PVB-PVS,PVB,PVS,1503,1.8494959542750904,0.33323028004897004,0.051318985031006036,57.43800002759939,0.4601820654701291,143.6995524737417,0.520422530949958,0.5016999933707782,0.6087017502564842,4,-0.35151138877787935,False,0.1996605039489177,False
OIL-PVC,OIL,PVC,961,1.6951383960552016,0.43175803491201475,0.36115125149915817,105.34132806319127,0.19772443125380074,95.8875284905767,0.5093924585753538,0.4958392216899296,0.4268697496805258,2,-0.2252179595293622,False,-0.031141181854222173,False
FPT-MBB,FPT,MBB,1501,1.2309625108450384,1.0024555614349093,0.7994349326860655,177.18488784386474,0.838040622614703,585.4101129472115,0.5134854081453343,0.4941795514151154,0.6007114027981331,4,-0.6806938882084888,False,,False
HAG-HNG,HAG,HNG,1501,2.2458457989767684,-0.2039270700114719,0.19845040378212297,115.90575427329505,0.3207827986652143,110.53535243281748,0.5063313661779327,0.49154167705822166,0.9687614676829512,5,-0.7026493564032446,False,-0.1485525128883175,False
BID-VCB,BID,VCB,1501,-0.41534818423913134,0.9640066600884761,0.04099999507255795,40.833881430027766,0.03812556898704413,25.158883626471383,0.5159252998738096,0.4823201433685771,0.1536628167421874,2,-0.07895435601973988,False,,False
PVC-PVD,PVC,PVD,1501,-0.0754426577198648,0.8602784494973266,0.5042220818295483,57.47263251717981,0.2769947824365423,100.31151258370919,0.5011434087503794,0.47793872892915107,0.7381337643975705,6,-0.7537112103321455,False,0.3694142816018175,False
PVB-PVC,PVB,PVC,1503,2.1791791361121087,0.2905518179181042,0.117149998984942,66.06855508310403,0.5713565384130558,206.4436377941208,0.47761041505362706,0.46358686701135854,0.5689634671823703,3,-0.4061119069799519,False,0.5675977480206466,False
CTG-VPB,CTG,VPB,1096,1.1637875092024372,0.668923175599376,0.10993106171584177,40.86675879435122,0.543937792987853,183.50145627122876,0.48111131940223334,0.45018081122607345,0.42664037634352225,5,-0.3645201088762502,False,,False
ACB-CTG,ACB,CTG,1496,-1.5771893732728959,1.3930870171632768,0.1302309569399696,54.56165908670311,0.469160230279294,115.50230289278066,0.4678782234611903,0.44455017173042666,0.45175558473596,4,-0.32738561421759993,False,,False
SSI-VND,SSI,VND,1497,1.1432173192573347,0.6425483054871733,0.14802706154341222,68.5754962994671,0.7876355413719905,456.50262993127507,0.4732975113985639,0.4434836101073212,0.35092825194527877,4,-0.3697921749278361,False,,False
HCM-SHS,HCM,SHS,1501,1.2576768531477818,0.5398765528004038,0.1686728027524677,90.90528873813182,0.8373876858931848,507.3493504582544,0.4440465855853426,0.40743258464542,0.3289217478234856,5,-0.24526113050038378,False,,False
TCB-VPB,TCB,VPB,901,1.148640311527571,0.7151626103424843,0.5547431252070152,66.4441996859141,0.6448502740967085,356.8520779274195,0.42006627052499274,0.3954338049431093,0.37793598771527526,4,-0.44643542770273714,False,,False
GAS-PVS,GAS,PVS,1501,1.6150830707185393,0.9095040799888355,0.1572720558137956,98.64148722517696,0.3085786293442304,133.36740084603053,0.4074606950909522,0.3893330795754533,0.3801851487920025,3,-0.30405281942466145,False,0.21807636791407323,False
HCM-SSI,HCM,SSI,1501,0.08478620999956177,0.9345417053431953,0.5536696515099097,150.2578576112468,0.45126391872406874,160.86484743327392,0.41151167413046713,0.3890173081153666,0.10603560477773688,1,-0.08147937091202961,False,,False
HDB-STB,HDB,STB,997,-0.05219962405729883,0.7431655299876971,0.35591316249337523,42.832940990305126,0.4247508800415163,119.43517634227294,0.4123639147057876,0.3818924433418065,0.37079472212303544,5,-0.3063836341117625,False,,False
VCB-VPB,VCB,VPB,1096,2.7368976666395812,0.3544991796591919,0.16754847698151037,119.48485977214867,0.11895093237792681,80.10830776691705,0.38886034007596365,0.38044937327800515,0.27361971462366785,1,-0.2851631482552348,False,,False
MBS-VND,MBS,VND,1442,-0.04778909681111432,0.9582026762413155,0.6817463129099139,107.67594554879696,0.7228686399953402,427.60486839168556,0.38926477571145884,0.3758869169134466,0.5038679122970577,3,-0.33705658538230354,False,,False
VCI-VND,VCI,VND,1121,1.0219892129977377,0.7910578774976179,0.6352713104954256,113.20730047546192,0.5426863089901258,191.73638957239268,0.38282965536682373,0.36867523120486034,0.30162786605041103,2,-0.3866533512293078,False,,False
PVD-PVS,PVD,PVS,1501,0.5718745376732954,0.5893375108068732,0.5245292478186581,164.0376111318039,0.11713471024848854,66.4056512297871,0.3780456071802954,0.36622505334683836,0.1879220384324769,1,-0.1395082165722119,False,0.8593756991422057,False
BVS-SSI,BVS,SSI,1501,0.9434817190924301,0.7947184157764348,0.3237157702857742,94.25505573557803,0.2395117591956744,91.6522745314377,0.37403993291454674,0.3587370213345619,0.2727053483702746,2,-0.22104426025945,False,,False
LPB-STB,LPB,STB,1052,-2.1617202058430367,1.3533049530626868,0.06907646253628658,20.873101578512212,0.3586330762001765,141.87279715686856,0.38231943458292017,0.358350541521828,0.620895415396461,7,-0.5504869774346879,False,,False
SHS-VND,SHS,VND,1497,-0.19640539211264763,1.114005276074072,0.574253923716119,148.2951102395842,0.40031588252470557,126.71140300911016,0.36014344223143524,0.34944087463610407,0.3833702679752333,2,-0.38340645901935755,False,,False
CTG-FPT,CTG,FPT,1501,0.6984752957989131,0.615393578241474,0.29783535214813445,81.82696194689973,0.6886337440634159,249.59155904298424,0.36034197978661414,0.34421323228727563,0.3756041618175534,3,-0.3685141786295989,False,,False
OIL-PVD,OIL,PVD,961,1.0852252742278552,0.6678359992016636,0.2959309532213337,87.28558290948854,0.16510469430647579,93.78878797890972,0.35184018607779666,0.33857644642727985,0.44607923784930326,3,-0.4052520011416323,False,-0.04815080166773999,False
CTG-HDB,CTG,HDB,997,0.7340202450198383,0.929063045069995,0.27926845032564573,44.38615632199465,0.5158221820776583,80.39123822569745,0.3698756462969382,0.3287379161033668,0.236764262451862,5,-0.3179959781008601,False,,False
PHR-SZC,PHR,SZC,743,2.285380252658227,0.29050910403858093,0.04087709030050932,38.84660589726874,0.4537273318713603,110.72757158173061,0.3626232385137062,0.3281329620027157,0.2776243031248845,5,-0.2847941045398529,False,0.19672517747575893,False
HCM-VND,HCM,VND,1497,1.1025879160880443,0.6424499588568193,0.23760253664601366,79.52703164265569,0.898378385165785,1166.8482211827165,0.3518995846784538,0.3248342677097044,0.3549446946912316,5,-0.5412767645557583,False,,False
OIL-PVS,OIL,PVS,961,0.6814447430189481,0.6762465918507797,0.18956545644821438,85.0949034035862,0.05700322336577352,82.15334758257995,0.3269015140022971,0.31266984403800296,0.38177292216463443,3,-0.3814010805501822,False,0.1792192461896524,False
ACB-TCB,ACB,TCB,896,-0.3822813876423774,0.9231672131031892,0.45616259913009954,83.9278249045136,0.2562974981587446,127.45782205516086,0.32375911182668393,0.30458738786349526,0.28664683506760613,3,-0.3929109091538536,False,,False
HCM-VCI,HCM,VCI,1125,0.6918385351118486,0.6373541244950146,0.08989467630103049,42.63992282191128,0.8961807343038686,1138.5597807137694,0.34660453589442125,0.2985423908586803,0.2590019418942553,7,-0.5967924335831576,False,,False
TCM-TNG,TCM,TNG,1501,0.5431802577305993,1.1134974496082704,0.6692751351318833,178.63293896248913,0.8723760602337407,419.0374862026218,0.3059957551500271,0.2900125120897437,0.32314667501459415,3,-0.3884180708137053,False,0.5324413785563663,False
SSI-VCI,SSI,VCI,1125,0.2491832495707016,0.8272121467366774,0.22832315302550915,53.428774513708056,0.4330224194638086,168.3041409737272,0.30918069482248944,0.2777055827135459,0.15515677590730492,3,-0.23676283057798475,False,,False
BSR-PVB,BSR,PVB,965,0.218168144659159,0.6382458147552859,0.6580816476985825,186.93309446046726,0.9586631080287943,inf,0.2695735954217802,0.25401937687141796,0.2892101141578258,3,-0.48328967456756455,False,-0.37853937668287063,False
CTS-HCM,CTS,HCM,1498,-0.7568219707012005,1.0678831516924618,0.49200835464617915,86.56670812211523,0.22361759852499513,101.81945946292986,0.2634963195463457,0.2519060480191383,0.3918615754067829,3,-0.7892156685133598,False,,False
PNJ-VPB,PNJ,VPB,1096,2.840518095348944,0.32901241413006377,0.10966531234794102,58.80637803966001,0.9869069889759952,inf,0.27925354577149086,0.2470856357190513,0.31834654580783384,7,-0.5854632047406474,False,,False
MBB-STB,MBB,STB,1501,-1.4913739651390479,1.1514997842157193,0.2153822163351617,117.97618700937322,0.4255350665424748,119.01460712363017,0.26337062241951575,0.2455851124108229,0.08377069175797236,1,-0.12755566891706316,False,,False
ACB-TPB,ACB,TPB,925,0.05659273697153244,0.9683928922249253,0.2903466650042069,50.23889246242022,0.13883362191553156,109.84530048387293,0.2759487184828375,0.2453406196752643,0.24027171594288288,5,-0.3539990464488816,False,,False
ACB-FPT,ACB,FPT,1496,-0.8129278963574604,0.9341816454147418,0.6009901277157651,137.49934887525723,0.6005540012621635,209.58141049388814,0.2563016007750373,0.24527675770292434,0.2648833307878671,2,-0.5587414747808439,False,,False
BSR-POW,BSR,POW,953,-2.1324819788309464,1.7692826526655683,0.6405675661990462,89.09048016711404,0.08192265939900922,55.64690839829412,0.2548530082980491,0.2410939715761488,0.5203931303860749,5,-0.8135322038445008,False,0.024939529909986356,False
ACB-MBB,ACB,MBB,1496,0.17863491854312863,1.043828886767335,0.2211349787804444,66.95851047650592,0.7005794762932577,234.82558619284313,0.26149978091008313,0.2298079506944156,0.13067873772290617,3,-0.3109540391775445,False,,False
D2D-SZC,D2D,SZC,743,1.9106435312732981,0.4164211283410464,0.04383262608577182,37.41204277635855,0.6495130916326456,411.3874345908502,0.2336579665491621,0.2222893288778103,0.230538153376459,2,-0.4828707109096686,False,0.24934050805616895,False
TCB-TPB,TCB,TPB,901,0.7560696281031207,0.9072030762025126,0.5648610873070553,83.52282349791554,0.8897775217737851,474.7423955655917,0.23363630325570378,0.21826097911173362,0.25166877495997153,3,-0.3418672586728948,False,,False
ACB-HDB,ACB,HDB,992,0.03998999017987259,1.0116330473964974,0.3106603609723272,60.32493078975925,0.8424696672593595,274.50927630739704,0.2316931077722252,0.20838715689854367,0.15840872725270905,3,-0.18941100269207167,False,,False
CTR-VGI,CTR,VGI,821,-4.18853216018924,2.2011832220924066,0.5993759390106544,72.7866377077889,0.7933567561438983,673.8799049490201,0.21551852545260713,0.20836661155233865,0.8614566814406006,5,-1.7475718421696076,False,0.8371150059342347,False
SZC-SZL,SZC,SZL,743,-2.333912057606151,2.0103409939935797,0.4049332457416787,35.46031302627376,0.92805755653627,450.07170608790994,0.23356527723321124,0.20353553826012608,0.35914981661735745,9,-1.2867187133867146,False,0.5300683604511194,False
FPT-TCB,FPT,TCB,901,0.42883930516192637,0.9925236878848384,0.3103406485302751,147.32796651038768,0.533323773456679,252.57655553677458,0.20619958174814604,0.2020377831137279,0.29190786616304254,1,-0.6904905061866142,False,,False
TCB-VIB,TCB,VIB,894,1.795966710631278,0.48014931703762126,0.34951205735327684,82.7430812829019,0.8805559489475914,1119.9791512052225,0.21511067245266235,0.1961627873410827,0.18577429167849213,3,-0.23528221308713992,False,,False
BID-TCB,BID,TCB,901,2.538569347977129,0.17388220934419715,0.4168076800376781,74.55290334778037,0.1071509066476094,65.5125953072266,0.20288978362803686,0.18772878279849567,0.2208878750514383,3,-0.5139377624055936,False,,False
BVS-CTS,BVS,CTS,1498,1.654910189380098,0.6512955601072844,0.6689349547343145,154.48433879922032,0.17968690037018215,64.50109158436963,0.19541422222890525,0.18524524576642606,0.10982296540006309,1,-0.20225382864864594,False,,False
PVC-PVS,PVC,PVS,1503,0.3101775609202506,0.5509670153982545,0.5828465424301901,130.8700132448313,0.06832404134942295,69.4205965363398,0.17257963526785153,0.16929825007119148,0.3100076554260356,1,-0.6649434343396514,False,0.39329246969339177,False
CTG-TCB,CTG,TCB,901,0.4550914913863462,0.8007892871418639,0.45751573206910046,87.13249058946339,0.19162367064235147,61.846041173071534,0.17492305895906615,0.1688475087486064,0.16718197454428485,1,-0.3175467376986849,False,,False
FPT-VPB,FPT,VPB,1096,1.2400627027468079,0.8384514074519495,0.73586980437282,200.01313864491868,0.5975052845207058,326.81735266466137,0.16952119309333258,0.16498588931477598,0.2186858692645408,1,-1.0057337778065705,False,,False
GAS-PVD,GAS,PVD,1501,3.7072735704241375,0.056210860917684013,0.16014657302010327,146.95753704682775,0.019128028558574664,53.250117072734454,0.15373188634116922,0.1472434284956048,0.13648879932443092,1,-0.3436525961934725,False,-0.0006374376312130327,False
GAS-PVC,GAS,PVC,1501,3.8031799015287553,0.010051417045104316,0.17912466054501164,145.70304382460836,0.021527396151508067,52.95882142561628,0.14704488068886892,0.14072924166353498,0.1339974994308717,1,-0.3490391739018382,False,0.598310012360186,False
GAS-OIL,GAS,OIL,961,3.1296511144974133,0.37172805083903276,0.11390999700462301,43.788923667841104,0.016376220556369125,55.86947871717186,0.15175501325891147,0.13514301100240309,0.14629330551618003,3,-0.4268264262479351,False,0.3454539893157703,False
FPT-SSI,FPT,SSI,1501,1.0493644717108712,0.8637949326367178,0.7692758420841027,361.0394672282075,0.0432249806231271,101.781806255055,0.11229231809173897,0.10819877184855535,0.1587677302475219,1,-0.7718381136213965,False,,False
MBB-VCB,MBB,VCB,1501,-1.6543392186987298,0.9660083302117377,0.9355710239252504,313.21785070252224,0.8921697383410203,586.1912766680503,0.10852845983821192,0.08712928340286406,0.07309015378584305,3,-0.3873474963327159,False,,False
HDB-MBB,HDB,MBB,997,0.5307285112031495,0.8120645308422768,0.1986849622368289,56.589422155538024,0.5708878619784584,147.37300428327927,0.09445882337176506,0.07120836675604879,0.055074864794996126,3,-0.32758741464590857,False,,False
ACB-VPB,ACB,VPB,1091,0.45881416013625764,0.7493028944465548,0.028144373703441812,52.380428827726035,0.3991991807107466,136.59788877059032,0.06881126945330979,0.06029115082852971,0.04251696778408909,1,-0.24934758150986625,False,,False
BID-VPB,BID,VPB,1096,2.459930009169378,0.233594632155,0.14067300671436017,79.33549715610967,0.16804286820070408,80.69202112459351,0.06151525429503395,0.054804182615700844,0.04904545591823273,1,-0.42755209899052526,False,,False
CTG-SSI,CTG,SSI,1501,1.119823888921626,0.6484727940470109,0.6233693349528246,150.65507642598985,0.275252759833019,118.15241728337129,0.038691792166682684,0.02862485208851176,0.01707635416766773,1,-0.3143913696630807,False,,False
CTS-SHS,CTS,SHS,1498,0.5357254633429549,0.6205624370735253,0.5329720593202758,96.4065982250877,0.7035383418041845,350.1901288649926,0.04302716193296529,0.02076697223990532,0.027936960242419318,5,-0.941958588558504,False,,False
CTS-SSI,CTS,SSI,1498,-0.8565679377241959,1.097181846662042,0.1372386527055809,62.01368632284728,0.24009906706766865,113.97314836261748,0.029722208131461286,0.015939649058668938,0.0208184866255563,3,-0.6539815502080928,False,,False
PLX-PVS,PLX,PVS,1178,3.1586412870076295,0.2548084309297079,0.02282489317654654,42.02600948746302,0.012077688695447869,61.85975306513276,0.023260856800341994,0.009220351687678147,0.011801258733789899,3,-0.5167316637839096,False,-0.1068428597461777,False
CTG-LPB,CTG,LPB,1052,1.7021454591581584,0.5630267959028521,0.01085751004821691,29.07253538484961,0.30699373523338297,109.00898062648638,0.02739640766621749,0.00766248988810378,0.006974327196940466,3,-0.5280107003320125,False,,False
ACB-LPB,ACB,LPB,1049,1.053467365192053,0.637917511809239,0.09381316499543096,36.73432144981547,0.7766247134596334,344.74726694866337,0.020254735901452256,0.0011743123677036983,0.0011064186932963072,3,-0.4680581220888014,False,,False
FPT-MWG,FPT,MWG,1501,-0.40439208473552135,0.9519998929903568,0.55669937928086,174.23855446531965,0.46860014871934713,233.59270959895704,-0.00017525678918490123,-0.0046237320525741995,-0.006236370899331378,1,-0.8769530649538044,False,0.4663962366829166,False
BSR-PVC,BSR,PVC,965,0.6065957993048487,0.8451638403610329,0.5095078911819384,132.98100282675549,0.920695041295595,inf,0.06877724761681343,-0.026573959414664606,-0.0016975867196531366,1,-0.027798273142595635,False,0.10816412498208154,False
MBB-VPB,MBB,VPB,1096,0.24847328078629616,0.7239682791877924,0.15606753084876762,59.37295563818934,0.7724540637403353,318.7001873704056,-0.011089693925804544,-0.03402728507225921,-0.02670799777542232,3,-0.4302903656789969,False,,False
ACB-VCB,ACB,VCB,1496,-1.7265051374329934,1.0636285438776263,0.8743921469197367,239.89058746795274,0.4596810148389688,113.52663995000884,-0.029044770827553898,-0.03775937633611924,-0.02598197551750725,1,-0.4122697486319957,False,,False
MBS-SHS,MBS,SHS,1448,0.17120594809404777,0.8184326970692481,0.5395489972246946,79.51392145596293,0.579646278242592,266.34684133693565,-0.06437694362418224,-0.07150621390945745,-0.060115943082490686,1,-0.4652078614751338,False,,False
LPB-MBB,LPB,MBB,1052,-0.9556336177141904,1.4010427050202452,0.17448773477498036,64.98243247294175,0.5205733455029461,218.72309089392755,-0.07081959143812355,-0.07536543610412198,-0.09940078564487798,1,-0.7005005630178038,False,,False
TNG-VGT,TNG,VGT,1252,-0.2902374938731114,0.9514353695636196,0.34892949155956043,103.06739553971741,0.14283517483348523,85.45115242047245,-0.07312976008538394,-0.07862063410024529,-0.08583149384419397,1,-0.6081852860131982,False,0.5990773503948835,False
MWG-PNJ,MWG,PNJ,1501,0.02662616957492636,0.9925574298160549,0.6631441654064698,174.92264333003135,0.9854055198520718,inf,-0.05308792376239698,-0.0824479840860097,-0.08450862803629966,5,-0.6704190987122303,False,0.4674577496950126,False
PNJ-TCB,PNJ,TCB,901,2.4194910978902486,0.4287816733995765,0.19816367903263304,42.958149948394535,0.9921707614616083,inf,-0.06277212220335172,-0.08584054696199128,-0.11213663187559852,5,-0.5668798177679726,False,,False
DXG-SSI,DXG,SSI,1501,0.5833137321815012,0.8023189584052584,0.5905525240745355,167.6418802355371,0.4805280080425797,172.3251491865443,-0.11999357744583916,-0.12547469979430356,-0.13714895654300574,1,-0.5244099721417692,False,,False
MBB-SSI,MBB,SSI,1501,-0.19734698731320588,0.8701141296241358,0.7930671388042805,246.3467671483161,0.16247837582317742,111.76903758564741,-0.11753722409895312,-0.13076071605292092,-0.05911762763866224,1,-0.2240831360139124,False,,False
CTS-VCI,CTS,VCI,1125,-0.3055915086785683,0.8040568738271165,0.4679945210823337,111.48822675057069,0.7501213262060649,405.6875828472021,-0.1269433566229688,-0.1417211052913874,-0.17275825550828738,3,-0.8381117125911612,False,,False
MBB-TCB,MBB,TCB,901,-0.7035918637442033,0.9419478812029696,0.273364496795252,59.23746441098262,0.01113497116525357,47.1726766356877,-0.14605910669040342,-0.15215687858833724,-0.14941704117252264,1,-0.44134251382672707,False,,False
MBB-TPB,MBB,TPB,930,-0.18998227686573776,0.9545048860290808,0.470236994260821,55.2984199498773,0.7686950786442841,267.08012218538204,-0.14561171082045926,-0.16536310272922514,-0.1509779827682356,3,-0.5468050875724826,False,,False
CTG-VCB,CTG,VCB,1501,0.20384815242805132,0.6674669690882236,0.8092906045576758,196.57113021276464,0.8542810181188576,307.9333760715192,-0.18324444877297946,-0.19370724458228195,-0.11059737806103409,1,-0.39006273854174944,False,,False
VHM-VRE,VHM,VRE,913,1.6154218479071558,0.5373821872204845,0.9063834067760621,92.79154418684992,0.9803768501256285,inf,-0.169378652250436,-0.19490098478112539,-0.23050501649547628,5,-0.8293882693233408,False,0.5214297073764471,False
GAS-PLX,GAS,PLX,1178,0.15180338462453413,1.0024870661136867,0.47771509522639216,97.88828356799209,0.1478688164118897,79.12771942151555,-0.19486739340161072,-0.19927355807282673,-0.27085088102022703,1,-0.7959701383413593,False,-0.20286252854416373,False
PVS-PXS,PVS,PXS,1501,2.475451557895413,-0.02690573397390356,0.714795397703382,160.09399097478078,0.25079604198165845,81.34355881457208,-0.21489735453196507,-0.21766692085837924,-0.4709886998588244,1,-1.2209241255704002,False,0.24832397916462406,False
CTS-VND,CTS,VND,1494,0.34397133326801543,0.7488227531105113,0.0004767975372295181,28.967451875159238,0.8120902035454464,619.7296076744075,-0.22686853068579463,-0.23982551481124598,-0.3363814036404822,3,-0.790812472193922,False,,False
STB-TCB,STB,TCB,901,-0.05945671215784731,1.0570860440101124,0.1783634260215602,38.56660843570268,0.3623517894683447,117.73773137559887,-0.240584739797305,-0.24453746567672452,-0.37045036497751327,1,-0.7334653746130941,False,,False
DXG-LDG,DXG,LDG,1501,0.5059674159059453,0.8105796019005692,0.5834508810876489,159.99496839909452,0.22699226445693044,159.1511713892808,-0.26220734126490597,-0.26525129251534946,-0.5220068899575698,1,-1.3578772185777852,False,0.5773572400982415,False
FPT-HPG,FPT,HPG,1501,1.1257987068495956,0.7645994726494315,0.6855805422002172,185.88796090478795,0.14303452506802566,155.83622854892238,-0.2722652997066765,-0.276783295355263,-0.36662128417073503,1,-1.0387466433204522,False,0.17242349454240447,False
CTG-SHS,CTG,SHS,1501,1.905494602243905,0.39911544423146644,0.10364130092730728,67.06304427893417,0.6425680878792269,247.13691678578502,-0.30524186499958983,-0.3139272369232062,-0.2155922595070654,1,-0.37706095536411544,False,,False
HDB-TCB,HDB,TCB,901,-0.26067101496579625,0.8423422399383858,0.15648956696899557,27.343357709571254,0.44990317780095174,141.27393594544645,-0.39655984272484135,-0.40173636193203843,-0.46368794685765446,1,-0.574538948019272,False,,False
ACB-VIB,ACB,VIB,1236,0.9989348949189988,0.6025995071442083,0.019574904630988023,39.26582746390489,0.636105934682102,198.14788211885892,-0.4366515650648969,-0.44616992610581896,-0.2786988302182758,1,-0.3736346417111651,False,,False
BSR-OIL,BSR,OIL,961,-1.310015991730876,1.3680708870720855,0.1832876204340917,35.80183743915126,0.33631122802412666,102.50444986176055,-0.47292059612450343,-0.4759978348005619,-0.9257762628332087,1,-0.9805123264640927,False,0.8000059525842219,False
MBB-PLX,MBB,PLX,1178,-1.6041312033417292,0.860111036482,0.9789479936785193,636.5595533702182,0.701882719579762,307.25340083963874,-0.5241136711175302,-0.5279368599423812,-0.8255313422955994,1,-1.1212326396060122,False,,False
MBB-SHS,MBB,SHS,1501,0.839075857775756,0.5509818816042409,0.5645901661432463,111.53318519350009,0.6970108095454794,309.58712828957687,-0.524752261409479,-0.5330029442312565,-0.3840647358826337,1,-0.49061903412459307,False,,False
PVD-PXS,PVD,PXS,1501,0.8720801610544917,0.5900298948426698,0.39047404010337755,108.38310120433117,0.4057473631372829,192.4231485268057,-0.5527881261025734,-0.5557906101244408,-1.1077187762201965,1,-1.4695466203600231,False,0.12211596293414843,False
HDB-VIB,HDB,VIB,990,1.2886732935009904,0.4002322206259215,0.3829743117224822,80.08447943767422,0.9822937555255848,inf,-0.7313264841801904,-0.7378452280580335,-0.6729216256660544,1,-0.727067357703078,False,,False
BSR-PVT,BSR,PVT,965,-0.47966172621770564,1.1533841997082663,0.0538458243500445,66.72045895388136,0.6292840413330404,173.97592943017204,,,0.0,0,0.0,False,0.08274414343596063,False
OIL-PVB,OIL,PVB,961,0.7936712089702358,0.5843240106675747,0.2395912502490482,106.12845034743526,0.13439752539554412,89.04631066361333,,,0.0,0,0.0,False,-0.6270937096347423,False
HPG-SSI,HPG,SSI,1501,-0.15839379352558236,1.160169178966816,0.4822154762246343,172.10369926822807,0.09981054967517572,65.83683395467797,,,0.0,0,0.0,False,,False
AMD-HAI,AMD,HAI,1501,0.187438809060533,1.0857702816470594,0.4836356235438331,326.3800042474546,0.2597124530644478,118.14186012539035,,,0.0,0,0.0,False,-0.15288488728393157,False
DCM-DPM,DCM,DPM,1501,-0.2502608013369356,1.1942810821128724,0.5192773973444674,127.71135137667662,0.4652048901547178,153.38581674418873,,,0.0,0,0.0,False,0.9042495003369853,False
HSG-NKG,HSG,NKG,1501,0.5160658419579944,0.8305209597225898,0.5765605599300669,176.26643923199475,0.12255155070806811,64.78471344797711,,,0.0,0,0.0,False,0.9261286020108906,False
VIB-VPB,VIB,VPB,1089,-1.0278420772120862,1.2878744397011053,0.674951928220905,118.16101051774368,0.6930309804313858,214.7580886495749,,,0.0,0,0.0,False,,False
MBS-SSI,MBS,SSI,1446,-1.4281045378295796,1.328208318764649,0.7067231689700071,174.90568378811517,0.08220364653967449,87.9754588593235,,,0.0,0,0.0,False,,False
BID-MBB,BID,MBB,1501,1.5678961262973632,0.7723275734276234,0.7494092119620605,213.23524071965102,0.6874188543904762,217.32401606606967,,,0.0,0,0.0,False,,False
SHS-SSI,SHS,SSI,1501,-1.8940425386947959,1.5859755861635998,0.755781932624065,242.59866218282846,0.3896863445544329,127.66872817887709,,,0.0,0,0.0,False,,False
BID-CTG,BID,CTG,1501,0.4053723126940669,0.9727145880306327,0.821829427513298,324.8366094417249,0.6450730014507927,164.52880417687234,,,0.0,0,0.0,False,,False
HPG-HSG,HPG,HSG,1501,0.9974835534984743,0.5246531114099026,0.835543142845675,641.122783777062,0.6932541679114302,258.1405761403201,,,0.0,0,0.0,False,0.7863616611869622,False
SHS-VCI,SHS,VCI,1125,-0.7978162333291396,1.0480965083890337,0.8383437742380053,210.88490731320147,0.4299989809241939,122.91989915012353,,,0.0,0,0.0,False,,False
HPG-NKG,HPG,NKG,1501,1.1266413193409877,0.5127948649163523,0.9122271924971893,771.858876970105,0.851962857955478,289.96373406791463,,,0.0,0,0.0,False,0.8711752243866702,False
